{"lNh8oV2GyfE0RDbj877PnA==":"mpp_logo-121x121.jpg","ibaBQlAOyyNG71CEr/ysxw==":"mpp_storyline-1024x1024.jpg","SJP+vsLDb+0mWxB8ZvR5AQ==":"mpp_storyline-506x506.jpg","t68ZFOBKs1eoPFUSlINt8A==":"mpp_scriptassist-506x506.jpg","1hKUMtl/Di3jzzWb0KdYIw==":"mpp_shotlister-506x506.jpg","l7Fx7S3x9x0UZJaYOynqog==":"mpp_storyboarder-506x506.jpg","PR6tdtmbk4VRMxOPu44/uQ==":"mpp_scriptbreaker-506x506.jpg","DkKEMSC3OdTSOvqtUVKPXw==":"mpp_scheduler-506x506.jpg","73MBjyEfoTcnRKwFzftitQ==":"mbr-1646x1096.jpg","LEE7Kon+IVRzaTAnIeiUIA==":"mpp_logo-1000x1000.jpg","6Y0r7AKay8b/bY6hT+ojuw==":"team1.jpg","hgBd2Jx50aJ7UHK5Nnz2Ng==":"team2.jpg","GZQxnb1rCTZ+1lhCRHLQHA==":"team3.jpg","oRykAiO0rUD++7AmPeEwUg==":"background1.jpg","uzNMzXyK48GU9l8FZT+6ug==":"gourav%20mm-480x476.jpg","7zHpQR0sVor07/b61xXv4Q==":"gourav%20rao-696x696.jpg","zxt+EEmrN/wCJKOSWU7lrQ==":"meharaj-696x696.jpeg","4diqlqSVOVxMtTfagI7pyA==":"mpp_logo-121x121.jpeg","GQAX+lLak68om/jPqv+vGQ==":"mpp_logo-1-1000x1000.jpg","oc5SavPn5Ne9y/luhVqDTg==":"mbr-1920x1761.png","2xcWhgxDPXjgjrnJtxAGzA==":"mbr-1920x1468.jpg","zo2kvzHFfQB/4zgliCQ+6g==":"mbr-1920x1238.jpg","P3Yl/dklTLUIEp4wQbm4rA==":"mbr-1920x1320.jpg","ahg3M+kUZI0Tc4Fdi/9FSA==":"mbr-1900x1069.jpg","YpJ4p7RNWazKW4ZC34jo/g==":"mbr-1900x1267.jpg","tnMBDDjafrBMsn0UEXi56Q==":"mbr-1900x1210.jpg","ep0DXkPnrfFpXoaR72NFjw==":"mbr-1900x1324.jpg","HR8UU3nJLFUkj2bJhRw3Bg==":"mbr-1900x1343.jpg","8NSyinPM0SEYSO/ygyzCqg==":"mbr-1920x1114.jpg","5wmY/1e1IVTSADzZ2CXT6g==":"mbr-1920x1357.jpg","eawBQKeEghHnjCTGzoB5Cg==":"mbr-1920x1080.jpg"}